<?xml version="1.0" encoding="UTF-8"?>
<project-private xmlns="http://www.netbeans.org/ns/project-private/1">
    <editor-bookmarks xmlns="http://www.netbeans.org/ns/editor-bookmarks/2" lastBookmarkId="0"/>
    <open-files xmlns="http://www.netbeans.org/ns/projectui-open-files/2">
        <group>
            <file>file:/D:/JavaWorkSpace/hw6gw/src/hw6gw/Hw6Frame.java</file>
            <file>file:/D:/JavaWorkSpace/hw6gw/src/hw6gw/Hw6gw.java</file>
        </group>
    </open-files>
</project-private>
